Munic_pio,uf,nome,codigo,REGIAO,total,utiliza,distm,FPM,valorPNATE,y,x
Alta Floresta D'Oeste,RO,ALTAFLORESTADOESTE,110001,NORTE,2814,1276,147.02301773,20544.067956,141396.55499,-11.929,-61.996
Ariquemes,RO,ARIQUEMES,110002,NORTE,3030,2632,68.827438998,72420.770973,68980.229727,-9.913,-63.041
Cabixi,RO,CABIXI,110003,NORTE,580,552,41.59624706,4795.2012787,41487.432914,-13.492,-60.545
Cacoal,RO,CACOAL,110004,NORTE,3638,3238,69.581697672,43551.330434,72628.943601,-11.438,-61.448
Cerejeiras,RO,CEREJEIRAS,110005,NORTE,633,574,118.82616594,11032.465907,81359.758248,-13.189,-60.812
Colorado do Oeste,RO,COLORADODOOESTE,110006,NORTE,984,935,31.547591743,10684.3941,32727.376928,-13.117,-60.542
Corumbiara,RO,CORUMBIARA,110007,NORTE,1065,826,68.099414985,7457.3926119,67781.141424,-12.962,-60.887
Costa Marques,RO,COSTAMARQUES,110008,NORTE,1155,739,108.80642308,13697.961439,97076.892223,-12.445,-64.227
Espigão D'Oeste,RO,ESPIGAODOESTE,110009,NORTE,2151,1622,84.732781347,17353.216742,81949.248251,-11.525,-61.013
Guajará-Mirim,RO,GUAJARAMIRIM,110010,NORTE,1639,182,210.04511225,24197.632073,191444.58023,-10.783,-65.339
Jaru,RO,JARU,110011,NORTE,3352,3139,101.87993945,37666.678037,85445.787208,-10.439,-62.466
Ji-Paraná,RO,JIPARANA,110012,NORTE,3025,2231,138.11750975,38106.667499,117001.59486,-10.882,-61.944
Machadinho D'Oeste,RO,MACHADINHODOESTE,110013,NORTE,3650,3130,101.54349284,31621.865214,93091.165684,-9.444,-61.981
Nova Brasilândia D'Oeste,RO,NOVABRASILANDIADOESTE,110014,NORTE,2394,1737,63.570257718,18818.983556,73692.211625,-11.725,-62.331
Ouro Preto do Oeste,RO,OUROPRETODOOESTE,110015,NORTE,2040,1985,76.155616186,24633.081078,60308.149738,-10.716,-62.248
Pimenta Bueno,RO,PIMENTABUENO,110018,NORTE,916,702,116.67475142,17812.907758,90063.683992,-11.673,-61.193
Porto Velho,RO,PORTOVELHO,110020,NORTE,9997,4213,339.54721343,244631.73626,297599.77602,-8.762,-63.904
Presidente Médici,RO,PRESIDENTEMEDICI,110025,NORTE,1816,1262,36.195233698,14236.347394,57587.285703,-11.176,-61.901
Rio Crespo,RO,RIOCRESPO,110026,NORTE,510,474,56.080074939,4924.3071133,50261.158877,-9.705,-62.9
Rolim de Moura,RO,ROLIMDEMOURA,110028,NORTE,1746,1679,33.1102097,23903.517916,35341.665536,-11.733,-61.778
Santa Luzia D'Oeste,RO,SANTALUZIADOESTE,110029,NORTE,947,824,59.614764749,6062.7987401,57345.180916,-11.902,-61.779
Vilhena,RO,VILHENA,110030,NORTE,848,558,197.59494071,43713.191249,140052.80741,-12.741,-60.146
São Miguel do Guaporé,RO,SAOMIGUELDOGUAPORE,110032,NORTE,2585,2530,127.48955823,22796.779809,92239.12905,-11.681,-62.684
Nova Mamoré,RO,NOVAMAMORE,110033,NORTE,2684,972,183.73085235,20809.269084,167084.13171,-10.411,-65.331
Alvorada D'Oeste,RO,ALVORADADOESTE,110034,NORTE,2034,1433,95.101053616,17609.738252,90262.102497,-11.408,-62.389
Alto Alegre dos Parecis,RO,ALTOALEGREDOPARECIS,110037,NORTE,1572,1313,126.75381791,15993.616734,95750.713708,-12.128,-61.851
Alto Paraíso,RO,ALTOPARAISO,110040,NORTE,1866,964,59.376484482,17458.106938,82446.910999,-9.713,-63.321
Buritis,RO,BURITIS,110045,NORTE,2849,998,68.939346928,30247.421161,104842.97331,-10.212,-63.829
Novo Horizonte do Oeste,RO,NOVOHORIZONTEDOOESTE,110050,NORTE,1218,911,26.384270648,9268.4378254,46326.358738,-11.71,-62
Cacaulândia,RO,CACAULANDIA,110060,NORTE,801,695,40.274029412,7348.7966126,44276.503579,-10.34,-62.896
Campo Novo de Rondônia,RO,CAMPONOVODERONDONIA,110070,NORTE,1429,1115,76.01408947,14575.204566,70871.426616,-10.571,-63.627
Candeias do Jamari,RO,CANDEIASDOJAMARI,110080,NORTE,1081,558,109.24404928,14720.47774,105128.37526,-8.791,-63.701
Castanheiras,RO,CASTANHEIRAS,110090,NORTE,598,567,40.535665692,5944.7604125,39125.159344,-11.427,-61.95
Chupinguaia,RO,CHUPINGUAIA,110092,NORTE,894,605,58.897139711,9457.7208052,66867.70074,-12.552,-60.9
Cujubim,RO,CUJUBIM,110094,NORTE,1021,978,72.881261394,13929.864901,54122.546163,-9.363,-62.585
Governador Jorge Teixeira,RO,GOVERNADORJORGETEIXEIRA,110100,NORTE,1819,1165,106.52930784,14976.514,100064.46027,-10.61,-62.737
Itapuã do Oeste,RO,JAMARI,110110,NORTE,837,760,66.752028038,10245.703862,54299.247863,-9.205,-63.18
Ministro Andreazza,RO,MINISTROANDREAZZA,110120,NORTE,1347,1335,28.845177531,13355.409613,29921.027392,-11.196,-61.517
Mirante da Serra,RO,MIRANTEDASERRA,110130,NORTE,1382,1126,57.101229059,12629.628584,58261.573032,-11.03,-62.675
Monte Negro,RO,MONTENEGRO,110140,NORTE,1935,1864,43.254480476,18368.085923,42816.320949,-10.246,-63.29
Nova União,RO,NOVAUNIAO,110143,NORTE,1377,1027,22.84502005,11282.054951,44599.12814,-10.904,-62.561
Parecis,RO,PARECIS,110145,NORTE,498,367,57.563917994,5494.6456247,63253.581202,-12.175,-61.603
Pimenteiras do Oeste,RO,PIMENTEIRASDOOESTE,110146,NORTE,149,128,126.20713448,3894.2729846,94242.155761,-13.483,-61.047
Primavera de Rondônia,RO,PRIMAVERADERONDONIA,110147,NORTE,489,443,30.489309954,4751.1755959,38004.72231,-11.828,-61.321
São Felipe D'Oeste,RO,SAOFELIPEDOESTE,110148,NORTE,785,751,22.346681304,6709.7888361,28763.614776,-11.903,-61.502
São Francisco do Guaporé,RO,SAOFRANCISCODOGUAPORE,110149,NORTE,1666,1539,149.82031567,17259.532685,102748.87372,-12.062,-63.569
Seringueiras,RO,SERINGUEIRAS,110150,NORTE,1977,1884,73.134136563,16110.857893,60740.992244,-11.798,-63.031
Teixeirópolis,RO,TEIXEIROPOLIS,110155,NORTE,822,771,29.299651399,6726.1973887,34144.987648,-10.918,-62.249
Theobroma,RO,THEOBROMA,110160,NORTE,2075,1935,54.753953331,15734.95975,52768.613801,-10.244,-62.355
Urupá,RO,URUPA,110170,NORTE,1501,880,34.324934175,15654.920571,61575.944205,-11.125,-62.376
Vale do Anari,RO,VALEDOANARI,110175,NORTE,1363,1239,87.287857078,11798.47505,68549.574388,-9.863,-62.186
Vale do Paraíso,RO,VALEDOPARAISO,110180,NORTE,1315,1079,45.983605574,11726.561941,51577.330593,-10.449,-62.134
Acrelândia,AC,ACRELANDIA,120001,NORTE,1790,1483,46.65443194,10952.880615,55021.945171,-9.828,-66.883
Assis Brasil,AC,ASSISBRASIL,120005,NORTE,800,97,118.03263362,6226.4242393,140422.41244,-10.941,-69.567
Brasiléia,AC,BRASILEIA,120010,NORTE,1873,513,115.20348451,14280.264559,130888.95511,-11.01,-68.748
Bujari,AC,BUJARI,120013,NORTE,1313,652,74.776996157,6271.8011389,93943.88829,-9.831,-67.952
Capixaba,AC,CAPIXABA,120017,NORTE,1393,715,46.496808996,8014.5807893,75868.477372,-10.573,-67.676
Cruzeiro do Sul,AC,CRUZEIRODOSUL,120020,NORTE,5677,2324,124.19558322,35328.493893,150692.57368,-7.631,-72.67
Epitaciolândia,AC,EPITACIOLANDIA,120025,NORTE,857,493,47.233756886,9977.4219995,66927.524023,-11.029,-68.741
Feijó,AC,FEIJO,120030,NORTE,2984,377,287.41508497,19656.872756,242993.33038,-8.164,-70.354
Jordão,AC,JORDAO,120032,NORTE,1685,520,94.529668001,10944.363755,116884.03245,-9.434,-71.884
Mâncio Lima,AC,MANCIOLIMA,120033,NORTE,1701,227,121.38668213,9651.7565228,144660.61102,-7.614,-72.896
Manoel Urbano,AC,MANOELURBANO,120034,NORTE,967,165,231.13285282,7320.8363256,199352.01163,-8.839,-69.26
Marechal Thaumaturgo,AC,MARECHALTHAUMATURGO,120035,NORTE,3593,2053,87.04182021,20929.316069,105436.70764,-8.941,-72.792
Plácido de Castro,AC,PLACIDODECASTRO,120038,NORTE,2194,704,58.070515089,12702.179367,98758.98374,-10.335,-67.184
Porto Walter,AC,PORTOWALTER,120039,NORTE,1620,591,75.46982164,10981.188006,101978.48753,-8.269,-72.744
Rio Branco,AC,RIOBRANCO,120040,NORTE,6184,609,178.36243048,147779.37526,204609.44388,-9.975,-67.81
Rodrigues Alves,AC,RODRIGUESALVES,120042,NORTE,2644,334,125.17668658,13442.637922,152256.30782,-7.742,-72.647
Santa Rosa do Purus,AC,SANTAROSADOPURUS,120043,NORTE,1180,38,86.8076531,6304.3039947,131902.48732,-9.433,-70.493
Senador Guiomard,AC,SENADORGUIOMARD,120045,NORTE,1946,728,84.49763594,13431.668251,107703.79887,-10.151,-67.736
Sena Madureira,AC,SENAMADUREIRA,120050,NORTE,4212,572,282.36598618,22168.921156,247786.64543,-9.066,-68.657
Tarauacá,AC,TARAUACA,120060,NORTE,4420,2103,170.08831378,27228.082207,163126.93684,-8.161,-70.766
Xapuri,AC,XAPURI,120070,NORTE,1457,115,75.144465455,8645.376956,121849.79876,-10.652,-68.504
Porto Acre,AC,PORTOACRE,120080,NORTE,2704,1124,62.330547418,8636.9503205,100046.58948,-9.588,-67.533
Alvarães,AM,ALVARAES,130002,NORTE,2569,188,170.77729151,23256.604142,178946.58486,-3.221,-64.804
Amaturá,AM,AMATURA,130006,NORTE,1286,0,59.666458686,10080.413301,116718.40477,-3.364,-68.198
Anamã,AM,ANAMA,130008,NORTE,1318,439,82.918534132,9293.3805065,107078.89335,-3.58,-61.404
Anori,AM,ANORI,130010,NORTE,884,200,172.70212962,12773.721972,159521.38926,-3.773,-61.644
Apuí,AM,APUI,130014,NORTE,1143,803,241.49278384,14886.967404,165622.76296,-7.197,-59.891
Atalaia do Norte,AM,ATALAIADONORTE,130020,NORTE,2391,2077,501.84456011,11670.622282,307572.41564,-4.372,-70.192
Autazes,AM,AUTAZES,130030,NORTE,5541,5360,146.04973479,34984.873031,123045.02355,-3.58,-59.131
Barcelos,AM,BARCELOS,130040,NORTE,1754,74,357.62500611,21616.198037,278821.99358,-0.975,-62.924
Barreirinha,AM,BARREIRINHA,130050,NORTE,4906,1076,99.740282317,29640.076751,145317.47775,-2.793,-57.07
Benjamin Constant,AM,BENJAMINCONSTANT,130060,NORTE,4893,721,294.17395636,45871.099588,257004.55304,-4.383,-70.031
Beruri,AM,BERURI,130063,NORTE,2816,832,191.93066729,20450.693012,177213.91966,-3.898,-61.373
Boa Vista do Ramos,AM,BOAVISTADORAMOS,130068,NORTE,1648,873,66.486698852,14029.64364,84691.387141,-2.97,-57.59
Boca do Acre,AM,BOCADOACRE,130070,NORTE,2956,2146,200.41144608,25821.15903,152401.94519,-8.752,-67.398
Borba,AM,BORBA,130080,NORTE,4413,1823,271.07081951,31991.528719,222930.70505,-4.388,-59.594
Caapiranga,AM,CAAPIRANGA,130083,NORTE,1760,1014,154.3667773,14048.168181,130787.51936,-3.328,-61.209
Canutama,AM,CANUTAMA,130090,NORTE,1028,520,273.82614775,12606.74854,197006.00091,-6.534,-64.383
Carauari,AM,CARAUARI,130100,NORTE,1357,263,202.78100379,23487.939196,179781.57069,-4.883,-66.896
Careiro,AM,CAREIRO,130110,NORTE,5825,5192,90.456674812,29617.51804,99870.410288,-3.768,-60.369
Careiro da Várzea,AM,CAREIRODAVARZEA,130115,NORTE,4679,4623,67.21159078,21480.69204,73011.52993,-3.221,-59.826
Coari,AM,COARI,130120,NORTE,6056,4999,340.4405969,62209.89579,243212.6623,-4.085,-63.141
Codajás,AM,CODAJAS,130130,NORTE,1026,52,310.16445412,14932.120008,248049.46214,-3.837,-62.057
Eirunepé,AM,EIRUNEPE,130140,NORTE,3214,0,201.88322601,32982.432947,205031.50671,-6.66,-69.874
Envira,AM,ENVIRA,130150,NORTE,2005,864,121.73221175,14836.559935,124357.98627,-7.433,-70.023
Fonte Boa,AM,FONTEBOA,130160,NORTE,1996,1572,140.31801711,25895.478222,108234.63757,-2.514,-66.092
Guajará,AM,GUAJARA,130165,NORTE,1173,751,137.57325286,13450.225407,113136.82698,-7.546,-72.584
Humaitá,AM,HUMAITA,130170,NORTE,3308,1448,203.87175449,33783.723531,176316.03937,-7.506,-63.021
Ipixuna,AM,IPIXUNA,130180,NORTE,1775,285,125.64641799,18328.445745,143029.81677,-7.051,-71.695
Iranduba,AM,IRANDUBA,130185,NORTE,6225,2280,100.00969856,40320.963015,143955.86787,-3.285,-60.186
Itacoatiara,AM,ITACOATIARA,130190,NORTE,8519,8041,118.69298141,85651.569417,129389.61482,-3.143,-58.444
Itamarati,AM,ITAMARATI,130195,NORTE,1074,6,210.8887599,8861.6175212,199121.07014,-6.425,-68.253
Itapiranga,AM,ITAPIRANGA,130200,NORTE,332,228,142.69642116,7593.650042,109936.24671,-2.749,-58.022
Japurá,AM,JAPURA,130210,NORTE,950,0,437.00118918,10731.29782,322509.27544,-1.826,-66.599
Juruá,AM,JURUA,130220,NORTE,1744,438,139.35256544,14180.164639,144939.234,-3.481,-66.069
Jutaí,AM,JUTAI,130230,NORTE,2725,7,595.45551985,27047.64412,419224.20208,-2.747,-66.767
Lábrea,AM,LABREA,130240,NORTE,2786,1128,379.97223305,34442.817492,272218.61748,-7.259,-64.798
Manacapuru,AM,MANACAPURU,130250,NORTE,8758,3180,111.38773789,68944.659665,167544.06446,-3.3,-60.621
Manaquiri,AM,MANAQUIRI,130255,NORTE,2475,2431,111.18559471,21290.676212,82388.85743,-3.428,-60.459
Manaus,AM,MANAUS,130260,NORTE,8431,7265,138.16313638,926504.7235,144681.82837,-3.102,-60.025
Manicoré,AM,MANICORE,130270,NORTE,5927,3011,346.0320916,44108.80446,267823.65503,-5.809,-61.3
Maraã,AM,MARAA,130280,NORTE,4857,3214,295.97597136,39775.809772,222169.324,-1.856,-65.581
Maués,AM,MAUES,130290,NORTE,7897,2007,449.10198102,58409.273776,355827.25799,-3.384,-57.719
Nhamundá,AM,NHAMUNDA,130300,NORTE,2608,1072,387.22337024,18380.933372,275909.2889,-2.186,-56.713
Nova Olinda do Norte,AM,NOVAOLINDADONORTE,130310,NORTE,3115,2655,120.63952326,26039.143801,100639.77487,-3.888,-59.094
Novo Airão,AM,NOVOAIRAO,130320,NORTE,428,163,338.02683064,12382.048668,237062.08619,-2.621,-60.944
Novo Aripuanã,AM,NOVOARIPUANA,130330,NORTE,1529,1518,429.9725981,17401.017248,251734.90173,-5.121,-60.38
Parintins,AM,PARINTINS,130340,NORTE,8833,3978,79.271018151,77031.482333,144176.61413,-2.628,-56.736
Pauini,AM,PAUINI,130350,NORTE,1567,118,313.33737839,17053.896083,251412.25889,-7.714,-66.976
Presidente Figueiredo,AM,PRESIDENTEFIGUEIREDO,130353,NORTE,3171,1812,230.46711453,34105.118577,180744.89036,-2.034,-60.025
Rio Preto da Eva,AM,RIOPRETODAEVA,130356,NORTE,2001,1933,72.638348803,22396.212055,58797.93115,-2.699,-59.7
Santa Isabel do Rio Negro,AM,SANTAISABELDORIONEGRO,130360,NORTE,884,18,317.2699998,12690.053833,253724.82466,-0.414,-65.019
Santo Antônio do Içá,AM,SANTOANTONIODOICA,130370,NORTE,2414,0,220.22036011,21487.669918,210457.46074,-3.102,-67.94
São Gabriel da Cachoeira,AM,SAOGABRIELDACACHOEIRA,130380,NORTE,7834,2226,368.59937404,38394.811412,309307.04871,-0.13,-67.089
São Paulo de Olivença,AM,SAOPAULODEOLIVENCA,130390,NORTE,4387,1856,363.54309718,30748.050178,273208.26752,-3.378,-68.873
São Sebastião do Uatumã,AM,SAOSEBASTIAODOUATUMA,130395,NORTE,263,257,230.46912108,5540.8765762,140353.67056,-2.572,-57.871
Silves,AM,SILVES,130400,NORTE,1308,1020,97.549682031,11877.94876,82787.717013,-2.839,-58.209
Tabatinga,AM,TABATINGA,130406,NORTE,5261,1390,80.944867024,45257.074794,133664.5215,-4.253,-69.938
Tapauá,AM,TAPAUA,130410,NORTE,2356,0,519.31548897,22081.825591,375215.57677,-5.628,-63.183
Tefé,AM,TEFE,130420,NORTE,2739,619,340.04916373,41126.685194,262021.21453,-3.354,-64.711
Tonantins,AM,TONANTINS,130423,NORTE,1297,2,101.13179731,21187.70386,136822.51719,-2.873,-67.802
Uarini,AM,UARINI,130426,NORTE,2066,66,152.49160177,22343.906208,168304.03244,-2.99,-65.108
Urucará,AM,URUCARA,130430,NORTE,1061,618,401.00446653,15732.517337,261325.20745,-2.536,-57.76
Urucurituba,AM,URUCURITUBA,130440,NORTE,1636,876,119.73629754,12740.999493,114011.08937,-3.131,-58.155
Amajari,RR,AMAJARI,140002,NORTE,1187,166,388.38358611,4398.8781999,294729.16239,3.652,-61.371
Alto Alegre,RR,ALTOALEGRE,140005,NORTE,1221,205,332.17992119,8558.9169894,256078.25963,2.98,-61.292
Boa Vista,RR,BOAVISTA,140010,NORTE,1303,661,90.056434879,221452.96268,93312.281542,2.82,-60.673
Bonfim,RR,BONFIM,140015,NORTE,1742,267,155.36005845,7222.7398837,164193.07656,3.36,-59.833
Cantá,RR,CANTA,140017,NORTE,2675,1103,100.66566868,8216.5540751,121570.34847,2.61,-60.597
Caracaraí,RR,CARACARAI,140020,NORTE,1439,517,366.8701747,13039.136955,261315.27857,1.816,-61.128
Caroebe,RR,CAROEBE,140023,NORTE,1061,511,112.56842983,5639.1059818,115059.77786,0.884,-59.696
Iracema,RR,IRACEMA,140028,NORTE,848,330,327.58096317,2353.3011628,251981.71184,2.182,-61.041
Mucajaí,RR,MUCAJAI,140030,NORTE,1192,561,244.31759034,6502.0359805,188262.69487,2.43,-60.9
Normandia,RR,NORMANDIA,140040,NORTE,1752,64,107.98929535,5269.4084121,148944.97773,3.881,-59.623
Pacaraima,RR,PACARAIMA,140045,NORTE,1535,190,124.87039938,5559.2485759,150167.38685,4.431,-61.146
Rorainópolis,RR,RORAINOPOLIS,140047,NORTE,2108,1047,304.86479952,10830.515053,223000.05394,0.946,-60.418
São João da Baliza,RR,SAOJOAODABALIZA,140050,NORTE,400,378,93.006843426,6095.6892289,66731.237297,0.951,-59.911
São Luiz,RR,SAOLUIZ,140060,NORTE,456,251,49.328271252,3400.9249191,77349.27337,1.005,-60.159
Uiramutã,RR,UIRAMUTA,140070,NORTE,1985,82,92.647351411,3151.203205,148558.36742,4.596,-60.168
Abaetetuba,PA,ABAETETUBA,150010,NORTE,11577,6302,39.267127354,73825.836967,134672.65342,-1.718,-48.883
Abel Figueiredo,PA,ABELFIGUEIREDO,150013,NORTE,186,71,28.889560003,6731.5147131,68153.726518,-4.954,-48.393
Acará,PA,ACARA,150020,NORTE,10803,2815,100.195595,57721.366202,182873.00693,-1.961,-48.197
Afuá,PA,AFUA,150030,NORTE,10613,9169,121.3142196,46269.242595,151500.76981,-0.157,-50.387
Água Azul do Norte,PA,AGUAAZULDONORTE,150034,NORTE,1906,630,81.845311884,15848.166963,108383.68433,-6.791,-50.467
Alenquer,PA,ALENQUER,150040,NORTE,6448,2436,394.77898892,38375.695757,307612.64508,-1.942,-54.738
Almeirim,PA,ALMEIRIM,150050,NORTE,3258,757,558.56286895,31205.152426,386317.07155,-1.523,-52.582
Altamira,PA,ALTAMIRA,150060,NORTE,3684,772,752.14114945,68980.745607,496869.76354,-3.203,-52.206
Anajás,PA,ANAJAS,150070,NORTE,5390,3459,81.903064772,26706.614146,109664.23836,-0.987,-49.94
Ananindeua,PA,ANANINDEUA,150080,NORTE,2990,54,16.291623957,104359.29746,98585.514658,-1.366,-48.372
Anapu,PA,ANAPU,150085,NORTE,2666,141,188.83453358,15617.121125,192128.85539,-3.472,-51.198
Augusto Corrêa,PA,AUGUSTOCORREA,150090,NORTE,7709,1993,36.416697042,37256.418692,126753.17404,-1.022,-46.645
Aurora do Pará,PA,AURORADOPARA,150095,NORTE,4095,461,67.101183767,22897.652835,129592.03782,-2.134,-47.563
Aveiro,PA,AVEIRO,150100,NORTE,3898,393,180.14482148,18884.031607,191981.24381,-3.606,-55.332
Bagre,PA,BAGRE,150110,NORTE,2830,2520,141.88989249,17920.066013,108671.84968,-1.9,-50.164
Baião,PA,BAIAO,150120,NORTE,4309,298,102.88844251,26646.775394,153542.37748,-2.791,-49.672
Bannach,PA,BANNACH,150125,NORTE,493,241,68.032906448,5631.9790651,86013.333278,-7.348,-50.396
Barcarena,PA,BARCARENA,150130,NORTE,5145,3538,34.913259761,59270.982696,77712.04461,-1.506,-48.626
Belém,PA,BELEM,150140,NORTE,1124,63,48.705948228,350731.17237,100503.89041,-1.456,-48.504
Belterra,PA,BELTERRA,150145,NORTE,2658,757,145.95798726,17722.607628,151859.37475,-2.636,-54.937
Benevides,PA,BENEVIDES,150150,NORTE,3301,163,16.146638324,20241.771953,100615.37977,-1.361,-48.245
Bom Jesus do Tocantins,PA,BOMJESUSDOTOCANTINS,150157,NORTE,1042,254,49.739001291,7994.1197525,93969.849867,-5.051,-48.609
Bonito,PA,BONITO,150160,NORTE,1557,51,22.410731758,8340.4630271,96849.578663,-1.363,-47.307
Bragança,PA,BRAGANCA,150170,NORTE,10275,13,58.547472044,40693.237848,174603.40599,-1.063,-46.773
Brasil Novo,PA,BRASILNOVO,150172,NORTE,1739,550,86.343254359,14732.752609,110952.10832,-3.262,-52.668
Brejo Grande do Araguaia,PA,BREJOGRANDEDOARAGUAIA,150175,NORTE,965,362,42.019722157,8518.1337056,79626.945735,-5.699,-48.413
Breu Branco,PA,BREUBRANCO,150178,NORTE,4209,1820,89.009114724,41302.303757,119216.81618,-4.009,-49.461
Breves,PA,BREVES,150180,NORTE,14020,2639,134.34516621,90702.956652,228823.92985,-1.682,-50.48
Bujaru,PA,BUJARU,150190,NORTE,3112,2341,36.370095862,27365.939014,60924.090102,-1.515,-48.045
Cachoeira do Piriá,PA,CACHOEIRADOPIRIA,150195,NORTE,3645,197,82.983227654,16579.710544,140189.35723,-1.671,-46.529
Cachoeira do Arari,PA,CACHOEIRADOARARI,150200,NORTE,2222,677,66.517146756,13694.038496,104441.93331,-1.011,-48.963
Cametá,PA,CAMETA,150210,NORTE,21786,8634,49.406846751,106883.63963,221403.41509,-2.244,-49.496
Canaã dos Carajás,PA,CANAADOSCARAJAS,150215,NORTE,1209,705,80.965321198,19575.281697,84845.984512,-6.497,-49.878
Capanema,PA,CAPANEMA,150220,NORTE,3202,543,29.285853351,26020.769477,98243.688766,-1.196,-47.181
Capitão Poço,PA,CAPITAOPOCO,150230,NORTE,5974,453,97.862354897,29873.911964,161675.38526,-1.745,-47.065
Castanhal,PA,CASTANHAL,150240,NORTE,3701,1621,34.257764983,79546.258133,84426.090796,-1.297,-47.922
Chaves,PA,CHAVES,150250,NORTE,4531,2657,119.41932845,20090.385165,128914.45692,-0.16,-49.988
Colares,PA,COLARES,150260,NORTE,1896,747,18.538456053,7374.6769256,72794.786479,-0.937,-48.282
Conceição do Araguaia,PA,CONCEICAODOARAGUAIA,150270,NORTE,3332,2725,74.030093389,26729.135495,78747.421182,-8.258,-49.265
Concórdia do Pará,PA,CONCORDIADOPARA,150275,NORTE,5416,658,36.035468139,30396.140386,120431.37796,-1.991,-47.949
Cumaru do Norte,PA,CUMARUDONORTE,150276,NORTE,1164,523,215.64163633,8412.898944,171846.9326,-7.825,-50.773
Curionópolis,PA,CURIONOPOLIS,150277,NORTE,1374,597,72.318719673,12789.105082,92995.042826,-6.091,-49.541
Curralinho,PA,CURRALINHO,150280,NORTE,5396,4225,75.167423409,24649.283483,96332.636313,-1.814,-49.795
Curuá,PA,CURUA,150285,NORTE,1698,496,63.538524927,11396.013898,100807.96632,-1.888,-55.117
Curuçá,PA,CURUCA,150290,NORTE,4326,984,24.254232788,20673.012826,99793.933643,-0.734,-47.855
Dom Eliseu,PA,DOMELISEU,150293,NORTE,1485,164,110.20951983,38816.83045,134433.17525,-4.285,-47.505
Eldorado dos Carajás,PA,ELDORADODOSCARAJAS,150295,NORTE,3005,545,57.717573984,30581.433136,111454.33363,-6.104,-49.355
Faro,PA,FARO,150300,NORTE,724,398,338.60303722,10264.369768,228588.42959,-2.171,-56.745
Floresta do Araguaia,PA,FLORESTADOARAGUAIA,150304,NORTE,2031,102,74.199915648,16636.621702,124357.71983,-7.554,-49.713
Garrafão do Norte,PA,GARRAFAODONORTE,150307,NORTE,5663,590,75.354003569,31063.501329,145036.77749,-1.934,-47.053
Goianésia do Pará,PA,GOIANESIADOPARA,150309,NORTE,2848,1419,85.367844364,28648.750657,103724.97402,-3.843,-49.097
Gurupá,PA,GURUPA,150310,NORTE,7140,5414,122.28024443,34796.44979,135586.56938,-1.405,-51.64
Igarapé-Açu,PA,IGARAPEACU,150320,NORTE,3107,284,29.183835895,18768.308307,103752.18853,-1.127,-47.618
Igarapé-Miri,PA,IGARAPEMIRI,150330,NORTE,9139,4914,64.730279416,56270.238634,132457.48931,-1.975,-48.96
Inhangapi,PA,INHANGAPI,150340,NORTE,1126,11,25.875893073,5696.2582166,100328.26526,-1.43,-47.917
Ipixuna do Pará,PA,IPIXUNADOPARA,150345,NORTE,4116,742,203.42030292,26539.250705,200019.2405,-2.558,-47.494
Irituia,PA,IRITUIA,150350,NORTE,4815,715,35.214705646,21428.660006,114651.30138,-1.769,-47.439
Itaituba,PA,ITAITUBA,150360,NORTE,6448,1314,459.2420773,80783.524782,354591.43372,-4.276,-55.984
Itupiranga,PA,ITUPIRANGA,150370,NORTE,6287,1817,131.58537829,42177.506841,167143.22736,-5.135,-49.327
Jacareacanga,PA,JACAREACANGA,150375,NORTE,2576,0,395.32061993,19202.921032,308610.52038,-6.224,-57.754
Jacundá,PA,JACUNDA,150380,NORTE,2447,583,47.619970463,39352.147012,97649.022308,-4.451,-49.116
Juruti,PA,JURUTI,150390,NORTE,5662,889,150.05110621,33033.476037,182519.86736,-2.152,-56.092
Limoeiro do Ajuru,PA,LIMOEIRODOAJURU,150400,NORTE,4695,3397,42.468652942,20437.567768,77968.118669,-1.895,-49.381
Mãe do Rio,PA,MAEDORIO,150405,NORTE,2390,770,23.868666993,25726.163323,79014.466478,-2.06,-47.553
Magalhães Barata,PA,MAGALHAESBARATA,150410,NORTE,1129,272,17.056230815,5049.5797477,80605.968172,-0.795,-47.598
Marabá,PA,MARABA,150420,NORTE,12934,2010,263.29957279,164131.79964,294521.92827,-5.369,-49.118
Maracanã,PA,MARACANA,150430,NORTE,4783,665,34.506124647,28215.619702,114096.47894,-0.765,-47.45
Marapanim,PA,MARAPANIM,150440,NORTE,4601,946,39.980931351,26511.438977,111347.45661,-0.714,-47.694
Marituba,PA,MARITUBA,150442,NORTE,290,0,13.925681368,77177.804799,79920.279592,-1.355,-48.342
Medicilândia,PA,MEDICILANDIA,150445,NORTE,3135,540,123.86413584,20161.754964,150434.8671,-3.446,-52.889
Melgaço,PA,MELGACO,150450,NORTE,4251,2414,139.48840108,20518.764937,139285.5767,-1.804,-50.712
Mocajuba,PA,MOCAJUBA,150460,NORTE,2546,916,36.472508037,26892.321258,84359.011281,-2.584,-49.507
Moju,PA,MOJU,150470,NORTE,12541,3322,187.15980617,68247.481236,242569.58521,-1.884,-48.769
Monte Alegre,PA,MONTEALEGRE,150480,NORTE,9185,3749,278.83298134,54569.091552,260088.26194,-2.008,-54.069
Muaná,PA,MUANA,150490,NORTE,4568,4493,72.522440316,26382.634881,75021.105192,-1.528,-49.217
Nova Esperança do Piriá,PA,NOVAESPERANCADOPIRIA,150495,NORTE,2552,336,83.568410336,20595.463654,126882.23325,-2.269,-46.966
Nova Ipixuna,PA,NOVAIPIXUNA,150497,NORTE,1471,369,47.602707254,14658.166594,92251.860437,-4.921,-49.077
Nova Timboteua,PA,NOVATIMBOTEUA,150500,NORTE,1620,161,28.286524794,15153.520855,93029.031385,-1.206,-47.386
Novo Progresso,PA,NOVOPROGRESSO,150503,NORTE,1172,620,278.54183444,22117.637446,197184.35857,-7.147,-55.382
Novo Repartimento,PA,NOVOREPARTIMENTO,150506,NORTE,10926,971,155.07727792,52391.078711,226077.92236,-4.331,-49.796
Óbidos,PA,OBIDOS,150510,NORTE,4760,927,482.14346859,38927.159992,356830.93846,-1.918,-55.518
Oeiras do Pará,PA,OEIRASDOPARA,150520,NORTE,4857,3574,109.60392523,30126.126125,114488.70176,-2.003,-49.854
Oriximiná,PA,ORIXIMINA,150530,NORTE,6028,4156,477.86109684,56493.20767,328474.80041,-1.766,-55.866
Ourém,PA,OUREM,150540,NORTE,1954,60,23.914568203,9100.1864008,100052.63314,-1.548,-47.119
Ourilândia do Norte,PA,OURILANDIADONORTE,150543,NORTE,1246,268,211.02604751,16755.972471,182996.21047,-6.755,-51.084
Pacajá,PA,PACAJA,150548,NORTE,5209,443,101.37944788,31738.790561,157547.92167,-3.838,-50.638
Palestina do Pará,PA,PALESTINADOPARA,150549,NORTE,735,471,45.663052329,8972.97869,61251.448091,-5.742,-48.317
Paragominas,PA,PARAGOMINAS,150550,NORTE,4900,539,185.08281156,73277.667773,198950.41082,-2.995,-47.353
Parauapebas,PA,PARAUAPEBAS,150553,NORTE,3042,1485,149.15076491,86737.023599,139765.49809,-6.068,-49.902
Pau D'Arco,PA,PAUDARCO,150555,NORTE,900,610,51.259696462,8325.7045241,63384.003599,-7.833,-50.044
Peixe-Boi,PA,PEIXEBOI,150560,NORTE,924,170,27.287577829,7455.3501987,85383.276528,-1.192,-47.314
Piçarra,PA,PICARRA,150563,NORTE,2472,888,59.502566389,14826.731562,98217.966909,-6.438,-48.872
Placas,PA,PLACAS,150565,NORTE,1568,307,91.952466047,13841.015589,121469.36608,-3.868,-54.22
Ponta de Pedras,PA,PONTADEPEDRAS,150570,NORTE,2311,322,105.3392673,15162.023482,137625.62331,-1.39,-48.871
Portel,PA,PORTEL,150580,NORTE,8469,3096,184.66276829,49705.410198,206139.03205,-1.936,-50.821
Porto de Moz,PA,PORTODEMOZ,150590,NORTE,6802,4272,152.50258098,36706.030986,158902.01813,-1.748,-52.238
Prainha,PA,PRAINHA,150600,NORTE,5921,733,139.59188616,32027.312585,180904.42965,-1.8,-53.48
Primavera,PA,PRIMAVERA,150610,NORTE,680,126,14.300975613,7454.859171,76420.028516,-0.943,-47.116
Quatipuru,PA,QUATIPURU,150611,NORTE,1705,194,23.453995987,11018.138255,91270.122472,-0.901,-47.006
Redenção,PA,REDENCAO,150613,NORTE,1106,881,65.60444662,52055.193647,59106.560789,-8.029,-50.031
Rio Maria,PA,RIOMARIA,150616,NORTE,652,447,98.936985533,10690.170766,86037.485965,-7.311,-50.048
Rondon do Pará,PA,RONDONDOPARA,150618,NORTE,1733,535,114.54114682,34271.925248,124950.66253,-4.776,-48.067
Rurópolis,PA,RUROPOLIS,150619,NORTE,5425,587,110.39760807,31689.550771,162426.02854,-4.096,-54.91
Salinópolis,PA,SALINOPOLIS,150620,NORTE,1289,680,21.597566871,22568.960014,56109.464739,-0.629,-47.356
Salvaterra,PA,SALVATERRA,150630,NORTE,2836,599,50.685949513,19083.209221,105368.65258,-0.753,-48.517
Santa Bárbara do Pará,PA,SANTABARBARADOPARA,150635,NORTE,1748,439,17.643554119,9838.420825,79390.540537,-1.224,-48.294
Santa Cruz do Arari,PA,SANTACRUZDOARARI,150640,NORTE,370,116,41.461951809,4905.6686866,84068.445447,-0.664,-49.163
Santa Isabel do Pará,PA,SANTAISABELDOPARA,150650,NORTE,3374,1832,27.829961883,37109.481663,72066.887442,-1.299,-48.161
Santa Luzia do Pará,PA,SANTALUZIADOPARA,150655,NORTE,2418,747,71.140506109,19472.444489,106909.65039,-1.517,-46.942
Santa Maria das Barreiras,PA,SANTAMARIADASBARREIRAS,150658,NORTE,2392,587,146.90005906,13404.292156,154236.12905,-8.855,-49.722
Santa Maria do Pará,PA,SANTAMARIADOPARA,150660,NORTE,2442,376,23.662132762,12809.761898,93044.596642,-1.352,-47.576
Santana do Araguaia,PA,SANTANADOARAGUAIA,150670,NORTE,2972,1806,96.619333387,32684.39101,102966.83155,-9.505,-50.625
Santarém,PA,SANTAREM,150680,NORTE,27141,3507,203.23198257,172359.7677,362033.29476,-2.443,-54.708
Santarém Novo,PA,SANTAREMNOVO,150690,NORTE,1407,355,19.567165083,8140.2693968,79128.756417,-0.929,-47.397
Santo Antônio do Tauá,PA,SANTOANTONIODOTAUA,150700,NORTE,3680,786,40.567158485,24182.481147,104899.49895,-1.152,-48.129
São Caetano de Odivelas,PA,SAOCAETANODEODIVELAS,150710,NORTE,1761,22,35.431893476,10955.218562,105346.12722,-0.75,-48.02
São Domingos do Araguaia,PA,SAODOMINGOSDOARAGUAIA,150715,NORTE,1763,275,40.659845984,20562.919219,95999.651229,-5.538,-48.733
São Domingos do Capim,PA,SAODOMINGOSDOCAPIM,150720,NORTE,5763,1254,64.341120981,25614.046859,132130.01097,-1.675,-47.775
São Félix do Xingu,PA,SAOFELIXDOXINGU,150730,NORTE,7251,1522,356.0689611,42023.132605,303368.3103,-6.645,-51.995
São Francisco do Pará,PA,SAOFRANCISCODOPARA,150740,NORTE,1877,515,28.725499298,13294.8409,83387.076069,-1.169,-47.795
São Geraldo do Araguaia,PA,SAOGERALDODOARAGUAIA,150745,NORTE,2883,264,72.705098408,25867.020531,125444.57467,-6.401,-48.555
São João da Ponta,PA,SAOJOAODAPONTA,150746,NORTE,730,144,14.053391651,6009.866935,77518.473743,-0.85,-47.92
São João de Pirabas,PA,SAOJOAODEPIRABAS,150747,NORTE,2142,126,24.150786019,19691.38144,96386.796163,-0.769,-47.174
São João do Araguaia,PA,SAOJOAODOARAGUAIA,150750,NORTE,2841,716,53.508356311,15917.093617,104681.10108,-5.358,-48.791
São Miguel do Guamá,PA,SAOMIGUELDOGUAMA,150760,NORTE,3996,1051,52.167176845,42126.194873,109132.38559,-1.627,-47.483
São Sebastião da Boa Vista,PA,SAOSEBASTIAODABOAVISTA,150770,NORTE,3358,2511,81.982911684,17768.856358,89197.794742,-1.718,-49.541
Sapucaia,PA,SAPUCAIA,150775,NORTE,670,496,45.059069737,7184.4897216,55028.240353,-6.947,-49.682
Senador José Porfírio,PA,SENADORJOSEPORFIRIO,150780,NORTE,1469,484,289.83143446,13086.658762,221022.624,-2.591,-51.954
Soure,PA,SOURE,150790,NORTE,214,24,69.408686652,15475.142439,104998.84589,-0.717,-48.523
Tailândia,PA,TAILANDIA,150795,NORTE,4775,1474,67.329184877,50960.605343,119535.8141,-2.947,-48.953
Terra Alta,PA,TERRAALTA,150796,NORTE,1184,106,17.07298161,6667.0034068,88961.953446,-1.038,-47.908
Terra Santa,PA,TERRASANTA,150797,NORTE,269,267,58.059038475,15352.080342,37934.560845,-2.104,-56.487
Tomé-Açu,PA,TOMEACU,150800,NORTE,6170,1410,97.775348325,49089.286874,151678.0264,-2.419,-48.152
Tracuateua,PA,TRACUATEUA,150803,NORTE,5017,1027,48.459118611,25637.567225,119057.98952,-1.072,-46.897
Trairão,PA,TRAIRAO,150805,NORTE,1457,254,131.34322354,14520.626323,143768.93003,-4.574,-55.944
Tucumã,PA,TUCUMA,150808,NORTE,1324,937,68.42913564,22191.415425,69739.729426,-6.748,-51.161
Tucuruí,PA,TUCURUI,150810,NORTE,1557,765,59.24294697,74294.717833,79644.371482,-3.768,-49.673
Ulianópolis,PA,ULIANOPOLIS,150812,NORTE,1120,390,59.322809844,21119.769669,88402.105262,-3.756,-47.501
Uruará,PA,URUARA,150815,NORTE,4026,305,100.93731566,32582.485297,149671.45694,-3.718,-53.737
Vigia,PA,VIGIA,150820,NORTE,2712,151,33.427411019,25314.868036,105096.35727,-0.858,-48.142
Viseu,PA,VISEU,150830,NORTE,11797,601,126.63169303,54883.476654,219016.76519,-1.197,-46.14
Vitória do Xingu,PA,VITORIADOXINGU,150835,NORTE,1213,268,79.79620079,10303.665928,111856.6238,-2.88,-52.01
Xinguara,PA,XINGUARA,150840,NORTE,1692,913,99.22828909,28857.714707,100447.11743,-7.095,-49.946
Serra do Navio,AP,SERRADONAVIO,160005,NORTE,656,246,171.4573084,3081.9271835,160027.24934,0.896,-52.002
Amapá,AP,AMAPA,160010,NORTE,471,88,131.11198848,4761.1292989,143432.86391,2.053,-50.793
Pedra Branca do Amapari,AP,PEDRABRANCADOAMAPARI,160015,NORTE,888,469,180.66053975,3410.6683028,154412.36677,0.778,-51.944
Calçoene,AP,CALCOENE,160020,NORTE,886,117,175.48429098,4628.807318,174962.41133,2.498,-50.949
Cutias,AP,CUTIAS,160021,NORTE,634,154,85.23728264,3260.1737708,120481.38661,0.986,-50.802
Ferreira Gomes,AP,FERREIRAGOMES,160023,NORTE,353,194,103.45083759,5241.5768407,101087.67101,0.858,-51.18
Itaubal,AP,ITAUBAL,160025,NORTE,795,333,151.63524896,3251.613995,146092.3756,-0.596,-50.671
Laranjal do Jari,AP,LARANJALDOJARI,160027,NORTE,1253,256,448.3487897,23090.931156,314025.32049,-0.842,-52.516
Macapá,AP,MACAPA,160030,NORTE,8679,3647,188.26450039,151686.7832,205070.96603,0.039,-51.066
Mazagão,AP,MAZAGAO,160040,NORTE,2249,1607,191.25741482,9199.7753907,146948.66181,-0.115,-51.289
Oiapoque,AP,OIAPOQUE,160050,NORTE,1720,71,251.68525136,8089.1233548,224247.86399,3.843,-51.835
Porto Grande,AP,PORTOGRANDE,160053,NORTE,1285,1082,109.12881441,9947.3552695,85570.660977,0.713,-51.413
Pracuúba,AP,PRACUUBA,160055,NORTE,491,60,141.02602942,2917.3590998,160617.44935,1.743,-50.791
Santana,AP,SANTANA,160060,NORTE,2386,1109,69.041610698,34029.210066,93521.307401,-0.058,-51.182
Tartarugalzinho,AP,TARTARUGALZINHO,160070,NORTE,1391,631,80.339897789,5814.0379015,101214.29644,1.506,-50.912
Vitória do Jari,AP,VITORIADOJARI,160080,NORTE,977,778,83.791951911,12010.590057,71687.083579,-0.938,-52.424
Abreulândia,TO,ABREULANDIA,170025,NORTE,240,102,79.113746201,4287.7174742,97779.022525,-9.621,-49.151
Aguiarnópolis,TO,AGUIARNOPOLIS,170030,NORTE,310,300,22.61297225,4629.4362752,28405.650979,-6.563,-47.466
Aliança do Tocantins,TO,ALIANCADOTOCANTINS,170035,NORTE,251,238,43.759601065,5239.0903062,39695.228453,-11.306,-48.936
Almas,TO,ALMAS,170040,NORTE,359,42,70.932516509,4799.1657345,114175.20223,-11.574,-47.17
Alvorada,TO,ALVORADA,170070,NORTE,100,94,34.710823532,5832.3782566,33181.041441,-12.48,-49.125
Ananás,TO,ANANAS,170100,NORTE,488,116,50.589589582,6225.7992902,92898.397539,-6.366,-48.073
Angico,TO,ANGICO,170105,NORTE,295,112,25.781341943,3909.9075753,73052.597142,-6.39,-47.865
Aparecida do Rio Negro,TO,APARECIDADORIONEGRO,170110,NORTE,144,138,29.79133905,3589.1866087,35206.679152,-9.952,-47.972
Aragominas,TO,ARAGOMINAS,170130,NORTE,1072,919,57.522179596,5985.4179364,58065.524524,-7.162,-48.528
Araguacema,TO,ARAGUACEMA,170190,NORTE,806,210,53.711820539,6470.8417028,94924.612085,-8.804,-49.556
Araguaçu,TO,ARAGUACU,170200,NORTE,484,355,66.962324861,7230.2753972,66261.195599,-12.931,-49.826
Araguaína,TO,ARAGUAINA,170210,NORTE,998,684,118.68719788,47364.923326,95510.579132,-7.191,-48.207
Araguanã,TO,ARAGUANA,170215,NORTE,211,159,52.579426989,5098.4191681,58101.718435,-6.581,-48.644
Araguatins,TO,ARAGUATINS,170220,NORTE,2697,900,51.378575995,21309.277868,95976.624257,-5.651,-48.124
Arapoema,TO,ARAPOEMA,170230,NORTE,286,188,36.579227601,5139.1113853,56390.494052,-7.658,-49.064
Arraias,TO,ARRAIAS,170240,NORTE,780,152,73.218294912,5901.0348481,110880.4708,-12.931,-46.938
Augustinópolis,TO,AUGUSTINOPOLIS,170255,NORTE,593,176,22.38771855,8262.1924798,71831.771232,-5.466,-47.888
Aurora do Tocantins,TO,AURORADOTOCANTINS,170270,NORTE,155,129,37.623865156,2780.5188274,52693.604711,-12.713,-46.408
Axixá do Tocantins,TO,AXIXADOTOCANTINS,170290,NORTE,1078,420,16.597709046,10751.307332,64063.269795,-5.617,-47.769
Babaçulândia,TO,BABACULANDIA,170300,NORTE,796,551,42.606758291,7166.1997468,57912.435131,-7.205,-47.757
Bandeirantes do Tocantins,TO,BANDEIRANTESDOTOCANTINS,170305,NORTE,249,203,72.00997364,4096.8911274,67366.126251,-7.756,-48.584
Barra do Ouro,TO,BARRADOOURO,170307,NORTE,520,181,39.29832881,4336.8439621,82939.568589,-7.689,-47.683
Barrolândia,TO,BARROLANDIA,170310,NORTE,131,113,31.342538501,3704.3119368,42167.115557,-9.836,-48.725
Bernardo Sayão,TO,BERNARDOSAYAO,170320,NORTE,633,392,34.976720092,6005.240353,59071.198039,-7.874,-48.888
Bom Jesus do Tocantins,TO,BOMJESUSDOTOCANTINS,170330,NORTE,218,213,68.215030404,4168.3959956,53582.483914,-8.965,-48.166
Brasilândia do Tocantins,TO,BRASILANDIADOTOCANTINS,170360,NORTE,103,93,34.422725614,3676.205607,40981.031692,-8.388,-48.481
Brejinho de Nazaré,TO,BREJINHODENAZARE,170370,NORTE,202,167,43.837471718,4743.017495,48905.911892,-11,-48.566
Buriti do Tocantins,TO,BURITIDOTOCANTINS,170380,NORTE,511,161,21.806825357,5059.7912781,73752.793989,-5.316,-48.229
Cachoeirinha,TO,CACHOEIRINHA,170382,NORTE,131,94,27.876126878,3363.6861979,51792.034591,-6.122,-47.922
Campos Lindos,TO,CAMPOSLINDOS,170384,NORTE,761,5,59.799058624,8408.9615461,113731.58432,-7.994,-46.868
Cariri do Tocantins,TO,CARIRIDOTOCANTINS,170386,NORTE,367,343,39.792845479,4686.9048097,40455.505571,-11.891,-49.161
Carmolândia,TO,CARMOLANDIA,170388,NORTE,176,134,15.715594129,4048.558001,39661.566835,-7.033,-48.396
Carrasco Bonito,TO,CARRASCOBONITO,170389,NORTE,363,7,12.501445541,4722.8770041,88895.945201,-5.322,-48.035
Caseara,TO,CASEARA,170390,NORTE,447,313,46.441910832,4427.7381958,61644.871286,-9.278,-49.956
Centenário,TO,CENTENARIO,170410,NORTE,235,136,60.386360252,4438.9351906,76288.643857,-8.951,-47.336
Chapada de Areia,TO,CHAPADADEAREIA,170460,NORTE,67,62,36.601184026,3344.0217998,41812.72758,-10.144,-49.14
Chapada da Natividade,TO,CHAPADADANATIVIDADE,170510,NORTE,459,232,46.563373678,4452.7243948,75268.492399,-11.617,-47.751
Colinas do Tocantins,TO,COLINASDOTOCANTINS,170550,NORTE,261,211,29.861920347,15806.940859,35002.878261,-8.059,-48.475
Combinado,TO,COMBINADO,170555,NORTE,116,99,19.361964175,2704.9876779,41395.906371,-12.792,-46.539
Conceição do Tocantins,TO,CONCEICAODOTOCANTINS,170560,NORTE,400,93,42.904840902,3894.4057643,93527.587971,-12.219,-47.298
Couto de Magalhães,TO,COUTODEMAGALHAES,170600,NORTE,596,586,44.983898505,5038.1581036,40744.582819,-8.284,-49.247
Cristalândia,TO,CRISTALANDIA,170610,NORTE,57,52,62.996059148,3812.3838637,55276.414621,-10.6,-49.193
Crixás do Tocantins,TO,CRIXASDOTOCANTINS,170625,NORTE,140,138,57.593436357,3345.4321687,49716.037628,-11.1,-48.919
Darcinópolis,TO,DARCINOPOLIS,170650,NORTE,286,138,39.526375197,4964.9168276,70535.988428,-6.713,-47.76
Dianópolis,TO,DIANOPOLIS,170700,NORTE,1006,523,79.97314811,9830.0738465,89980.932331,-11.628,-46.821
Divinópolis do Tocantins,TO,DIVINOPOLISDOTOCANTINS,170710,NORTE,326,203,74.877666586,5273.8645182,79969.388094,-9.8,-49.214
Dois Irmãos do Tocantins,TO,DOISIRMAOSDOTOCANTINS,170720,NORTE,570,482,60.836744806,4532.8994968,60066.598666,-9.258,-49.064
Dueré,TO,DUERE,170730,NORTE,223,219,70.023071414,4360.5383823,53705.176231,-11.344,-49.271
Esperantina,TO,ESPERANTINA,170740,NORTE,1027,243,26.971654095,11883.525919,79603.003098,-5.343,-48.511
Fátima,TO,FATIMA,170755,NORTE,152,141,23.662480142,3702.6457684,33555.888656,-10.761,-48.907
Figueirópolis,TO,FIGUEIROPOLIS,170765,NORTE,250,242,55.219325888,4242.2051002,47033.684654,-12.131,-49.174
Filadélfia,TO,FILADELFIA,170770,NORTE,897,575,69.871063275,6602.1841535,77870.73411,-7.336,-47.49
Formoso do Araguaia,TO,FORMOSODOARAGUAIA,170820,NORTE,1338,449,164.2928487,14632.714554,149905.37076,-11.797,-49.529
Fortaleza do Tabocão,TO,FORTALEZADOTABOCAO,170825,NORTE,171,164,27.297988513,3309.4641399,35221.568223,-9.057,-48.519
Goianorte,TO,GOIANORTE,170830,NORTE,543,406,51.492590966,4010.2647564,63056.050209,-8.776,-48.932
Goiatins,TO,GOIATINS,170900,NORTE,2325,277,93.476160093,10893.408267,133950.90319,-7.71,-47.314
Guaraí,TO,GUARAI,170930,NORTE,408,315,52.481329418,11596.34264,52274.422981,-8.834,-48.51
Gurupi,TO,GURUPI,170950,NORTE,432,255,65.936536502,31448.611046,69610.141652,-11.729,-49.069
Ipueiras,TO,IPUEIRAS,170980,NORTE,95,95,34.600920577,3624.7875558,34480.116954,-11.239,-48.463
Itacajá,TO,ITACAJA,171050,NORTE,854,128,64.513822558,5021.4680347,111296.61859,-8.392,-47.768
Itaguatins,TO,ITAGUATINS,171070,NORTE,626,107,32.001914322,7928.8706319,86394.031356,-5.768,-47.481
Itapiratins,TO,ITAPIRATINS,171090,NORTE,282,230,53.779780244,4219.5184799,57123.100367,-8.384,-48.111
Itaporã do Tocantins,TO,ITAPORADOTOCANTINS,171110,NORTE,148,108,42.998947599,3499.871387,58801.84739,-8.571,-48.689
Jaú do Tocantins,TO,JAUDOTOCANTINS,171150,NORTE,381,310,73.6977442,5784.2063501,65534.287881,-12.654,-48.594
Juarina,TO,JUARINA,171180,NORTE,298,220,20.951548774,3114.9510488,48955.56518,-8.119,-49.065
Lagoa da Confusão,TO,LAGOADACONFUSAO,171190,NORTE,535,149,147.50397306,6927.7657505,143059.98386,-10.794,-49.624
Lagoa do Tocantins,TO,LAGOADOTOCANTINS,171195,NORTE,280,163,27.857396446,4905.9688672,57251.171413,-10.378,-47.551
Lajeado,TO,LAJEADO,171200,NORTE,167,148,27.748417259,4011.7768408,37686.586013,-9.751,-48.358
Lavandeira,TO,LAVANDEIRA,171215,NORTE,106,93,44.815770898,2517.4674351,55193.239033,-12.789,-46.506
Lizarda,TO,LIZARDA,171240,NORTE,328,0,94.459025987,4715.6920908,135285.7654,-9.594,-46.673
Luzinópolis,TO,LUZINOPOLIS,171245,NORTE,161,121,18.392434254,3419.3204628,44140.667091,-6.182,-47.856
Marianópolis do Tocantins,TO,MARIANOPOLISDOTOCANTINS,171250,NORTE,486,288,42.348824622,5517.7298262,64759.531913,-9.796,-49.654
Mateiros,TO,MATEIROS,171270,NORTE,102,0,89.602469648,3252.2719386,136115.63609,-10.548,-46.421
Maurilândia do Tocantins,TO,MAURILANDIADOTOCANTINS,171280,NORTE,367,309,36.230344537,4145.0774231,46414.371648,-5.953,-47.506
Miracema do Tocantins,TO,MIRACEMADOTOCANTINS,171320,NORTE,754,571,70.175575296,10931.222442,65763.647837,-9.567,-48.392
Miranorte,TO,MIRANORTE,171330,NORTE,358,301,41.81675175,8141.0819997,43208.23133,-9.529,-48.59
Monte do Carmo,TO,MONTEDOCARMO,171360,NORTE,721,475,57.360758055,5938.4592104,69400.789965,-10.763,-48.109
Monte Santo do Tocantins,TO,MONTESANTODOTOCANTINS,171370,NORTE,159,73,44.39291361,3991.3516939,76585.541351,-10.004,-48.995
Mosquito,TO,MOSQUITO,171380,NORTE,447,266,36.125715976,4655.995411,62665.285644,-6.613,-47.546
Muricilândia,TO,MURICILANDIA,171395,NORTE,223,108,60.401848647,3833.2117248,84674.879029,-7.147,-48.611
Natividade,TO,NATIVIDADE,171420,NORTE,293,219,60.146157657,5261.4611793,62953.65675,-11.71,-47.723
Nazaré,TO,NAZARE,171430,NORTE,562,157,36.211697208,3293.1251711,90199.082075,-6.372,-47.664
Nova Olinda,TO,NOVAOLINDA,171488,NORTE,710,659,37.197039471,7423.2120505,37664.466965,-7.632,-48.423
Nova Rosalândia,TO,NOVAROSALANDIA,171500,NORTE,144,106,22.61187888,3292.3376206,48027.968075,-10.567,-48.914
Novo Acordo,TO,NOVOACORDO,171510,NORTE,206,76,83.632594527,4457.4667783,103463.04956,-9.963,-47.677
Novo Alegre,TO,NOVOALEGRE,171515,NORTE,84,82,14.238667897,2609.4107586,30531.830553,-12.931,-46.574
Novo Jardim,TO,NOVOJARDIM,171525,NORTE,202,145,62.902391204,3098.6352169,72972.754804,-11.824,-46.628
Oliveira de Fátima,TO,OLIVEIRADEFATIMA,171550,NORTE,124,124,18.81138971,3414.827572,26863.485892,-10.708,-48.907
Palmeirante,TO,PALMEIRANTE,171570,NORTE,538,332,62.719039874,5219.9144869,75221.954486,-7.86,-47.926
Palmeirópolis,TO,PALMEIROPOLIS,171575,NORTE,294,270,30.653668901,4361.3718149,36876.264913,-13.044,-48.402
Paraíso do Tocantins,TO,PARAISODOTOCANTINS,171610,NORTE,257,208,33.871936339,18326.467398,36663.486282,-10.176,-48.867
Paranã,TO,PARANA,171620,NORTE,1093,118,97.256695716,6346.2239257,131746.97249,-12.615,-47.883
Pau D'Arco,TO,PAUDARCO,171630,NORTE,324,160,93.308751868,5157.2662883,99324.768964,-7.54,-49.372
Pedro Afonso,TO,PEDROAFONSO,171650,NORTE,295,128,63.987513586,8062.7821809,83366.858925,-8.968,-48.175
Peixe,TO,PEIXE,171660,NORTE,560,551,73.863601627,8523.9771493,52072.485412,-12.025,-48.539
Pequizeiro,TO,PEQUIZEIRO,171665,NORTE,594,452,57.497730863,5207.099012,62752.823085,-8.595,-48.934
Colméia,TO,COLMEIA,171670,NORTE,393,267,52.033448575,4232.4199319,66361.811678,-8.729,-48.765
Pindorama do Tocantins,TO,PINDORAMADOTOCANTINS,171700,NORTE,238,137,34.499239443,4067.7933106,63319.326392,-11.139,-47.579
Piraquê,TO,PIRAQUE,171720,NORTE,383,294,37.562280847,4088.1180266,52608.527607,-6.774,-48.297
Pium,TO,PIUM,171750,NORTE,478,256,161.10042139,5418.6540183,134446.6586,-10.443,-49.182
Ponte Alta do Bom Jesus,TO,PONTEALTADOBOMJESUS,171780,NORTE,486,291,62.39107894,3877.0314097,79490.182754,-12.091,-46.479
Ponte Alta do Tocantins,TO,PONTEALTADOTOCANTINS,171790,NORTE,627,532,100.46023005,5245.2725839,80555.958143,-10.744,-47.536
Porto Alegre do Tocantins,TO,PORTOALEGREDOTOCANTINS,171800,NORTE,170,98,32.167153596,4064.0208817,61511.440105,-11.609,-47.049
Porto Nacional,TO,PORTONACIONAL,171820,NORTE,1149,401,77.711176279,18738.271017,99028.398028,-10.708,-48.417
Praia Norte,TO,PRAIANORTE,171830,NORTE,881,133,23.111487923,8648.4967434,84086.013333,-5.393,-47.811
Presidente Kennedy,TO,PRESIDENTEKENNEDY,171840,NORTE,98,87,34.128580188,3801.2090363,41360.665869,-8.539,-48.506
Pugmil,TO,PUGMIL,171845,NORTE,79,77,18.50737918,3687.4431397,26988.324793,-10.424,-48.894
Recursolândia,TO,RECURSOLANDIA,171850,NORTE,358,19,49.5882465,4767.7659159,106893.74109,-8.737,-47.247
Riachinho,TO,RIACHINHO,171855,NORTE,453,239,29.942716989,5131.8744703,62921.243734,-6.438,-48.137
Rio da Conceição,TO,RIODACONCEICAO,171865,NORTE,56,34,35.154780257,2942.3710186,65235.663626,-11.4,-46.883
Rio dos Bois,TO,RIODOSBOIS,171870,NORTE,198,109,27.108215682,3069.0866951,64968.361028,-9.293,-48.466
Rio Sono,TO,RIOSONO,171875,NORTE,647,358,107.27929071,5180.8825369,105107.60766,-9.344,-47.902
Sampaio,TO,SAMPAIO,171880,NORTE,141,70,16.232374008,4022.0686146,58206.171574,-5.348,-47.873
Sandolândia,TO,SANDOLANDIA,171884,NORTE,290,242,54.178252066,3483.5220436,58755.253227,-12.537,-49.925
Santa Fé do Araguaia,TO,SANTAFEDOARAGUAIA,171886,NORTE,682,392,59.681119776,5771.6557969,76511.965716,-7.157,-48.721
Santa Maria do Tocantins,TO,SANTAMARIADOTOCANTINS,171888,NORTE,195,140,40.844291429,4249.5090226,56071.18631,-8.797,-47.795
Santa Rita do Tocantins,TO,SANTARITADOTOCANTINS,171889,NORTE,357,355,97.699905213,3466.7561201,72221.201583,-10.861,-48.914
Santa Rosa do Tocantins,TO,SANTAROSADOTOCANTINS,171890,NORTE,512,181,44.747379582,5346.9695503,83194.22009,-11.449,-48.121
Santa Tereza do Tocantins,TO,SANTATEREZADOTOCANTINS,171900,NORTE,188,86,26.57757339,3582.2386662,68587.079827,-10.282,-47.808
Santa Terezinha do Tocantins,TO,SANTATEREZINHADOTOCANTINS,172000,NORTE,197,92,23.613877814,3391.722591,67183.789355,-6.434,-47.673
São Bento do Tocantins,TO,SAOBENTODOTOCANTINS,172010,NORTE,589,226,42.218646757,4602.4874622,81847.232143,-5.915,-48.06
São Félix do Tocantins,TO,SAOFELIXDOTOCANTINS,172015,NORTE,116,12,50.83541684,2708.5624556,110895.3373,-10.168,-46.659
São Miguel do Tocantins,TO,SAOMIGUELDOTOCANTINS,172020,NORTE,1341,269,20.006962937,7259.0051036,83302.238167,-5.555,-47.575
São Salvador do Tocantins,TO,SAOSALVADORDOTOCANTINS,172025,NORTE,220,200,58.775702723,3723.4576729,54635.195286,-12.744,-48.236
São Sebastião do Tocantins,TO,SAOSEBASTIAODOTOCANTINS,172030,NORTE,180,43,32.415030305,4506.9128139,83897.221237,-5.257,-48.2
São Valério da Natividade,TO,SAOVALERIODANATIVIDADE,172049,NORTE,397,83,78.748630989,5602.1408764,110764.68766,-11.975,-48.234
Silvanópolis,TO,SILVANOPOLIS,172065,NORTE,129,108,53.606800498,4611.1683033,53387.64629,-11.147,-48.169
Sítio Novo do Tocantins,TO,SITIONOVODOTOCANTINS,172080,NORTE,808,136,22.18817866,6861.3611555,83466.767574,-5.601,-47.638
Sucupira,TO,SUCUPIRA,172085,NORTE,124,120,44.798838444,3312.0107431,43946.747911,-11.993,-48.971
Taguatinga,TO,TAGUATINGA,172090,NORTE,952,478,55.422481919,10324.829447,77018.780841,-12.404,-46.436
Taipas do Tocantins,TO,TAIPASDOTOCANTINS,172093,NORTE,39,10,31.287043898,2660.4260176,89282.715854,-12.188,-46.989
Talismã,TO,TALISMA,172097,NORTE,232,212,60.893072392,4526.1376009,53022.917741,-12.795,-49.093
Palmas,TO,PALMAS,172100,NORTE,1604,1249,59.459764955,227357.93306,59632.354358,-10.167,-48.333
Tocantínia,TO,TOCANTINIA,172110,NORTE,990,281,57.834536449,3726.1042303,102931.1618,-9.564,-48.377
Tocantinópolis,TO,TOCANTINOPOLIS,172120,NORTE,1093,296,37.704105197,9551.5880959,84708.621551,-6.329,-47.416
Tupirama,TO,TUPIRAMA,172125,NORTE,102,96,26.650377194,2692.5937493,39316.779198,-8.973,-48.188
Tupiratins,TO,TUPIRATINS,172130,NORTE,263,151,34.138445233,3604.580726,65081.132464,-8.394,-48.116
Wanderlândia,TO,WANDERLANDIA,172208,NORTE,765,234,41.886728952,7739.6390842,83604.681333,-6.849,-47.963
Xambioá,TO,XAMBIOA,172210,NORTE,299,192,32.681265922,5958.3282376,53958.482828,-6.411,-48.536
Açailândia,MA,ACAILANDIA,210005,NORDESTE,5290,388,95.469672126,56819.921469,154919.02558,-4.947,-47.505
Afonso Cunha,MA,AFONSOCUNHA,210010,NORDESTE,847,157,28.706470702,6457.4495999,86640.198427,-4.133,-43.324
Água Doce do Maranhão,MA,AGUADOCEDOMARANHAO,210015,NORDESTE,1921,621,35.440012064,8870.0419651,86003.449675,-2.841,-42.112
Alcântara,MA,ALCANTARA,210020,NORDESTE,3252,238,41.095058175,15419.38389,113225.03952,-2.409,-44.415
Aldeias Altas,MA,ALDEIASALTAS,210030,NORDESTE,3408,673,47.582190272,18656.094474,108654.38669,-4.628,-43.471
Altamira do Maranhão,MA,ALTAMIRADOMARANHAO,210040,NORDESTE,982,125,22.224231819,6510.3980369,87968.617667,-4.165,-45.47
Alto Alegre do Maranhão,MA,ALTOALEGREDOMARANHAO,210043,NORDESTE,1071,273,21.048006668,16671.660038,74077.198882,-4.213,-44.446
Alto Alegre do Pindaré,MA,ALTOALEGREDOPINDARE,210047,NORDESTE,5627,162,79.577019443,26976.022447,152620.43992,-3.69,-45.903
Alto Parnaíba,MA,ALTOPARNAIBA,210050,NORDESTE,820,3,128.06889287,7750.1837245,152597.64082,-9.111,-45.93
Amapá do Maranhão,MA,AMAPADOMARANHAO,210055,NORDESTE,518,57,18.892668149,6671.0556385,83900.658476,-1.675,-46.002
Amarante do Maranhão,MA,AMARANTEDOMARANHAO,210060,NORDESTE,5426,448,112.81131375,29626.189897,165665.79027,-5.567,-46.742
Anajatuba,MA,ANAJATUBA,210070,NORDESTE,3716,518,25.897702949,16840.711118,103164.67117,-3.264,-44.62
Anapurus,MA,ANAPURUS,210080,NORDESTE,1960,1348,34.552193539,12837.808344,58588.870108,-3.672,-43.116
Apicum-Açu,MA,APICUMACU,210083,NORDESTE,1415,43,20.878220518,12525.542352,93043.861949,-1.461,-45.103
Araguanã,MA,ARAGUANA,210087,NORDESTE,998,238,42.76800411,8623.6209934,89693.311502,-2.953,-45.665
Araioses,MA,ARAIOSES,210090,NORDESTE,7542,1765,51.174992964,33022.45234,135630.70528,-2.89,-41.903
Arame,MA,ARAME,210095,NORDESTE,4888,206,84.122856575,20735.6421,149654.06935,-4.733,-45.908
Arari,MA,ARARI,210100,NORDESTE,2502,82,46.736177383,17973.152018,113439.11466,-3.454,-44.78
Axixá,MA,AXIXA,210110,NORDESTE,2149,473,17.27645604,8907.634642,84703.008657,-2.837,-44.053
Bacabal,MA,BACABAL,210120,NORDESTE,4955,309,44.336675738,34943.730034,125690.81244,-4.225,-44.78
Bacabeira,MA,BACABEIRA,210125,NORDESTE,2175,519,24.508252068,11106.471092,86407.043569,-2.971,-44.316
Bacuri,MA,BACURI,210130,NORDESTE,2531,65,27.296977586,13810.0888,104289.21392,-1.703,-45.134
Bacurituba,MA,BACURITUBA,210135,NORDESTE,881,302,36.984621491,5648.4283491,81687.770111,-2.706,-44.738
Balsas,MA,BALSAS,210140,NORDESTE,3041,692,223.235472,43185.306498,199421.78582,-7.533,-46.036
Barão de Grajaú,MA,BARAODEGRAJAU,210150,NORDESTE,1623,646,61.706331576,10335.948435,92390.091315,-6.756,-43.024
Barra do Corda,MA,BARRADOCORDA,210160,NORDESTE,9127,162,117.07732077,51426.879026,197526.84035,-5.506,-45.243
Barreirinhas,MA,BARREIRINHAS,210170,NORDESTE,9982,2278,62.61737686,42527.553374,158978.94909,-2.747,-42.826
Belágua,MA,BELAGUA,210173,NORDESTE,1145,0,32.113115545,8000.5987902,101890.24009,-3.155,-43.51
Bela Vista do Maranhão,MA,BELAVISTADOMARANHAO,210177,NORDESTE,1937,49,18.797116393,11841.440435,96127.445676,-3.731,-45.315
Benedito Leite,MA,BENEDITOLEITE,210180,NORDESTE,204,0,55.476642212,5289.566584,111661.43355,-7.223,-44.558
Bequimão,MA,BEQUIMAO,210190,NORDESTE,2851,227,25.901955388,14551.232311,101799.59377,-2.449,-44.783
Bernardo do Mearim,MA,BERNARDODOMEARIM,210193,NORDESTE,598,54,29.613605215,5307.4126944,93804.997629,-4.584,-44.764
Boa Vista do Gurupi,MA,BOAVISTADOGURUPI,210197,NORDESTE,419,98,28.874652355,7269.6186408,79458.09645,-1.788,-46.303
Bom Jardim,MA,BOMJARDIM,210200,NORDESTE,6364,34,147.90457647,31244.139414,196856.56433,-3.565,-45.994
Bom Jesus das Selvas,MA,BOMJESUSDASSELVAS,210203,NORDESTE,3524,270,58.279714686,19978.758951,123584.18519,-4.42,-46.765
Bom Lugar,MA,BOMLUGAR,210207,NORDESTE,3192,772,29.314940156,13303.945797,95123.827077,-4.22,-45.039
Brejo,MA,BREJO,210210,NORDESTE,4417,568,30.980593718,21991.911454,110861.66291,-3.684,-42.75
Brejo de Areia,MA,BREJODEAREIA,210215,NORDESTE,1918,136,38.29394109,10014.969787,104415.93548,-4.334,-45.581
Buriti,MA,BURITI,210220,NORDESTE,4772,265,35.607302635,22292.645918,120935.02491,-3.942,-42.925
Buriti Bravo,MA,BURITIBRAVO,210230,NORDESTE,1433,81,32.34637238,14504.251512,97107.029482,-5.837,-43.834
Buriticupu,MA,BURITICUPU,210232,NORDESTE,7744,320,66.210458978,43824.549917,158341.10231,-4.346,-46.401
Buritirana,MA,BURITIRANA,210235,NORDESTE,1604,99,29.551992486,13458.587986,96677.89878,-5.593,-47.018
Cachoeira Grande,MA,CACHOEIRAGRANDE,210237,NORDESTE,1407,43,43.627513145,7834.2910279,108091.63891,-2.927,-44.058
Cajapió,MA,CAJAPIO,210240,NORDESTE,1501,604,33.366576258,7338.3865441,77687.842429,-2.881,-44.675
Cajari,MA,CAJARI,210250,NORDESTE,3436,0,29.980761054,14339.42149,113714.01376,-3.321,-45.011
Campestre do Maranhão,MA,CAMPESTREDOMARANHAO,210255,NORDESTE,631,163,35.404225309,10854.75608,80420.942202,-6.172,-47.364
Cândido Mendes,MA,CANDIDOMENDES,210260,NORDESTE,2488,10,83.811183295,16022.115425,136183.0209,-1.447,-45.717
Cantanhede,MA,CANTANHEDE,210270,NORDESTE,2009,0,38.814065891,15238.568879,108441.68604,-3.633,-44.377
Capinzal do Norte,MA,CAPINZALDONORTE,210275,NORDESTE,1084,49,27.492939106,8981.2972655,95043.454344,-4.728,-44.327
Carolina,MA,CAROLINA,210280,NORDESTE,2285,613,100.21317718,14762.199729,125744.55077,-7.333,-47.469
Carutapera,MA,CARUTAPERA,210290,NORDESTE,1601,180,59.374947663,18921.569271,108463.45146,-1.195,-46.02
